{"cameraMode":{"drawMode":0,"name":"Shaded","section":"Shading Mode"},"sceneLighting":false,"audioPlay":false,"sceneViewState":{"m_AlwaysRefresh":false,"showFog":true,"showSkybox":false,"showFlares":true,"showImageEffects":true,"showParticleSystems":true,"showVisualEffectGraphs":true,"m_FxEnabled":true},"in2DMode":false,"pivot":{"x":0.32624074816703799,"y":2.07798171043396,"z":-1.3665273189544678},"rotation":{"x":-0.025103997439146043,"y":-0.7339881658554077,"z":0.02704218029975891,"w":-0.6784050464630127},"size":0.5921117067337036,"orthographic":true}