{"cameraMode":{"drawMode":0,"name":"Shaded","section":"Shading Mode"},"sceneLighting":true,"audioPlay":false,"sceneViewState":{"m_AlwaysRefresh":false,"showFog":true,"showSkybox":true,"showFlares":true,"showImageEffects":true,"showParticleSystems":true,"showVisualEffectGraphs":true,"m_FxEnabled":true},"in2DMode":false,"pivot":{"x":2.4049999713897707,"y":1.7774245738983155,"z":3.093550682067871},"rotation":{"x":-0.05707890912890434,"y":0.6875877380371094,"z":-0.05435296148061752,"w":-0.7218500375747681},"size":0.07632147520780564,"orthographic":true}