{"cameraMode":{"drawMode":0,"name":"Shaded","section":"Shading Mode"},"sceneLighting":true,"audioPlay":false,"sceneViewState":{"m_AlwaysRefresh":false,"showFog":true,"showSkybox":true,"showFlares":true,"showImageEffects":true,"showParticleSystems":true,"showVisualEffectGraphs":true,"m_FxEnabled":true},"in2DMode":false,"pivot":{"x":2.3610000610351564,"y":2.1059999465942385,"z":3.0423331260681154},"rotation":{"x":0.2834016680717468,"y":-0.02124742418527603,"z":0.006376288831233978,"w":0.9588042497634888},"size":0.057368841022253039,"orthographic":true}