{"cameraMode":{"drawMode":0,"name":"Shaded","section":"Shading Mode"},"sceneLighting":true,"audioPlay":false,"sceneViewState":{"m_AlwaysRefresh":false,"showFog":true,"showSkybox":true,"showFlares":true,"showImageEffects":true,"showParticleSystems":true,"showVisualEffectGraphs":true,"m_FxEnabled":true},"in2DMode":false,"pivot":{"x":3.9299004077911379,"y":3.069000005722046,"z":0.5190000534057617},"rotation":{"x":0.07730115205049515,"y":0.5816392302513123,"z":-0.055659353733062747,"w":0.8078697323799133},"size":0.7799901366233826,"orthographic":true}