{"cameraMode":{"drawMode":0,"name":"Shaded","section":"Shading Mode"},"sceneLighting":true,"audioPlay":false,"sceneViewState":{"m_AlwaysRefresh":false,"showFog":true,"showSkybox":true,"showFlares":true,"showImageEffects":true,"showParticleSystems":true,"showVisualEffectGraphs":true,"m_FxEnabled":true},"in2DMode":false,"pivot":{"x":2.886630058288574,"y":1.9004011154174805,"z":2.786681890487671},"rotation":{"x":-0.08072450757026673,"y":-0.6635655164718628,"z":0.07232832908630371,"w":-0.7402693033218384},"size":0.3102058470249176,"orthographic":true}