{"cameraMode":{"drawMode":0,"name":"Shaded","section":"Shading Mode"},"sceneLighting":true,"audioPlay":false,"sceneViewState":{"m_AlwaysRefresh":false,"showFog":true,"showSkybox":true,"showFlares":true,"showImageEffects":true,"showParticleSystems":true,"showVisualEffectGraphs":true,"m_FxEnabled":true},"in2DMode":false,"pivot":{"x":0.015000000596046448,"y":2.986999988555908,"z":-3.140000104904175},"rotation":{"x":-0.04419519752264023,"y":0.9493175148963928,"z":-0.26948967576026919,"w":-0.15574410557746888},"size":0.7058227062225342,"orthographic":true}