{"cameraMode":{"drawMode":0,"name":"Shaded","section":"Shading Mode"},"sceneLighting":true,"audioPlay":false,"sceneViewState":{"m_AlwaysRefresh":false,"showFog":true,"showSkybox":true,"showFlares":true,"showImageEffects":true,"showParticleSystems":true,"showVisualEffectGraphs":true,"m_FxEnabled":true},"in2DMode":false,"pivot":{"x":0.09863272309303284,"y":2.831383466720581,"z":0.8336113691329956},"rotation":{"x":-0.2148524522781372,"y":-0.056839123368263248,"z":0.012503582052886486,"w":-0.9749861359596252},"size":0.5664262175559998,"orthographic":true}