{"cameraMode":{"drawMode":0,"name":"Shaded","section":"Shading Mode"},"sceneLighting":true,"audioPlay":false,"sceneViewState":{"m_AlwaysRefresh":false,"showFog":true,"showSkybox":true,"showFlares":true,"showImageEffects":true,"showParticleSystems":true,"showVisualEffectGraphs":true,"m_FxEnabled":true},"in2DMode":false,"pivot":{"x":-0.10687360167503357,"y":1.8041353225708008,"z":2.370994806289673},"rotation":{"x":0.41192564368247988,"y":-0.1625819355249405,"z":0.07495894283056259,"w":0.8934638500213623},"size":0.7929460406303406,"orthographic":true}