{"cameraMode":{"drawMode":0,"name":"Shaded","section":"Shading Mode"},"sceneLighting":true,"audioPlay":false,"sceneViewState":{"m_AlwaysRefresh":false,"showFog":true,"showSkybox":true,"showFlares":true,"showImageEffects":true,"showParticleSystems":true,"showVisualEffectGraphs":true,"m_FxEnabled":true},"in2DMode":false,"pivot":{"x":3.624000072479248,"y":2.002697467803955,"z":2.7380857467651369},"rotation":{"x":-0.2475900501012802,"y":-0.014549308456480503,"z":0.00372055871412158,"w":-0.9688358306884766},"size":0.106659896671772,"orthographic":true}