{"cameraMode":{"drawMode":0,"name":"Shaded","section":"Shading Mode"},"sceneLighting":true,"audioPlay":false,"sceneViewState":{"m_AlwaysRefresh":false,"showFog":true,"showSkybox":true,"showFlares":true,"showImageEffects":true,"showParticleSystems":true,"showVisualEffectGraphs":true,"m_FxEnabled":true},"in2DMode":false,"pivot":{"x":0.5984799265861511,"y":2.7740986347198488,"z":0.11994612216949463},"rotation":{"x":0.3780176043510437,"y":-0.29320210218429568,"z":0.1276758462190628,"w":0.8688740134239197},"size":1.7954554557800294,"orthographic":true}