{"cameraMode":{"drawMode":0,"name":"Shaded","section":"Shading Mode"},"sceneLighting":true,"audioPlay":false,"sceneViewState":{"m_AlwaysRefresh":false,"showFog":true,"showSkybox":true,"showFlares":true,"showImageEffects":true,"showParticleSystems":true,"showVisualEffectGraphs":true,"m_FxEnabled":true},"in2DMode":false,"pivot":{"x":3.067831516265869,"y":1.2547435760498047,"z":-1.007754921913147},"rotation":{"x":0.05160173028707504,"y":0.8871427178382874,"z":-0.10237789899110794,"w":0.44706496596336367},"size":2.562138319015503,"orthographic":true}