{"cameraMode":{"drawMode":0,"name":"Shaded","section":"Shading Mode"},"sceneLighting":true,"audioPlay":false,"sceneViewState":{"m_AlwaysRefresh":false,"showFog":true,"showSkybox":true,"showFlares":true,"showImageEffects":true,"showParticleSystems":true,"showVisualEffectGraphs":true,"m_FxEnabled":true},"in2DMode":false,"pivot":{"x":0.8959445953369141,"y":3.442497491836548,"z":0.7132592797279358},"rotation":{"x":-0.45166343450546267,"y":0.33909451961517336,"z":-0.1907365471124649,"w":-0.802937924861908},"size":2.6868443489074709,"orthographic":true}